name,url,instagram,twitter,facebook,tiktok
Alex Palou,https://www.indycar.com/Drivers/Alex-Palou,https://www.instagram.com/indycar,https://twitter.com/indycar,https://facebook.com/indycar,https://www.tiktok.com/@indycar
Alexander Rossi,https://www.indycar.com/Drivers/Alexander-Rossi,https://www.instagram.com/indycar,https://twitter.com/indycar,https://facebook.com/indycar,https://www.tiktok.com/@indycar
Caio Collet,https://www.indycar.com/Drivers/Caio-Collet,https://www.instagram.com/indycar,https://twitter.com/indycar,https://facebook.com/indycar,https://www.tiktok.com/@indycar
Christian Lundgaard,https://www.indycar.com/Drivers/Christian-Lundgaard,https://www.instagram.com/indycar,https://twitter.com/indycar,https://facebook.com/indycar,https://www.tiktok.com/@indycar
Christian Rasmussen,https://www.indycar.com/Drivers/Christian-Rasmussen,https://www.instagram.com/indycar,https://twitter.com/indycar,https://facebook.com/indycar,https://www.tiktok.com/@indycar
David Malukas,https://www.indycar.com/Drivers/David-Malukas,https://www.instagram.com/indycar,https://twitter.com/indycar,https://facebook.com/indycar,https://www.tiktok.com/@indycar
Dennis Hauger,https://www.indycar.com/Drivers/Dennis-Hauger,https://www.instagram.com/indycar,https://twitter.com/indycar,https://facebook.com/indycar,https://www.tiktok.com/@indycar
Felix Rosenqvist,https://www.indycar.com/Drivers/Felix-Rosenqvist,https://www.instagram.com/indycar,https://twitter.com/indycar,https://facebook.com/indycar,https://www.tiktok.com/@indycar
Graham Rahal,https://www.indycar.com/Drivers/Graham-Rahal,https://www.instagram.com/indycar,https://twitter.com/indycar,https://facebook.com/indycar,https://www.tiktok.com/@indycar
Josef Newgarden,https://www.indycar.com/Drivers/Josef-Newgarden,https://www.instagram.com/indycar,https://twitter.com/indycar,https://facebook.com/indycar,https://www.tiktok.com/@indycar
Kyffin Simpson,https://www.indycar.com/Drivers/Kyffin-Simpson,https://www.instagram.com/indycar,https://twitter.com/indycar,https://facebook.com/indycar,https://www.tiktok.com/@indycar
Kyle Kirkwood,https://www.indycar.com/Drivers/Kyle-Kirkwood,https://www.instagram.com/indycar,https://twitter.com/indycar,https://facebook.com/indycar,https://www.tiktok.com/@indycar
Louis Foster,https://www.indycar.com/Drivers/Louis-Foster,https://www.instagram.com/indycar,https://twitter.com/indycar,https://facebook.com/indycar,https://www.tiktok.com/@indycar
Marcus Armstrong,https://www.indycar.com/Drivers/Marcus-Armstrong,https://www.instagram.com/indycar,https://twitter.com/indycar,https://facebook.com/indycar,https://www.tiktok.com/@indycar
Marcus Ericsson,https://www.indycar.com/Drivers/Marcus-Ericsson,https://www.instagram.com/indycar,https://twitter.com/indycar,https://facebook.com/indycar,https://www.tiktok.com/@indycar
Mick Schumacher,https://www.indycar.com/Drivers/Mick-Schumacher,https://www.instagram.com/indycar,https://twitter.com/indycar,https://facebook.com/indycar,https://www.tiktok.com/@indycar
Nolan Siegel,https://www.indycar.com/Drivers/Nolan-Siegel,https://www.instagram.com/indycar,https://twitter.com/indycar,https://facebook.com/indycar,https://www.tiktok.com/@indycar
Pato OWard,https://www.indycar.com/Drivers/Pato-OWard,https://www.instagram.com/indycar,https://twitter.com/indycar,https://facebook.com/indycar,https://www.tiktok.com/@indycar
Rinus VeeKay,https://www.indycar.com/Drivers/Rinus-VeeKay,https://www.instagram.com/indycar,https://twitter.com/indycar,https://facebook.com/indycar,https://www.tiktok.com/@indycar
Romain Grosjean,https://www.indycar.com/Drivers/Romain-Grosjean,https://www.instagram.com/indycar,https://twitter.com/indycar,https://facebook.com/indycar,https://www.tiktok.com/@indycar
Santino Ferrucci,https://www.indycar.com/Drivers/Santino-Ferrucci,https://www.instagram.com/indycar,https://twitter.com/indycar,https://facebook.com/indycar,https://www.tiktok.com/@indycar
Scott Dixon,https://www.indycar.com/Drivers/Scott-Dixon,https://www.instagram.com/indycar,https://twitter.com/indycar,https://facebook.com/indycar,https://www.tiktok.com/@indycar
Scott McLaughlin,https://www.indycar.com/Drivers/Scott-McLaughlin,https://www.instagram.com/indycar,https://twitter.com/indycar,https://facebook.com/indycar,https://www.tiktok.com/@indycar
Sting Ray Robb,https://www.indycar.com/Drivers/Sting-Ray-Robb,https://www.instagram.com/indycar,https://twitter.com/indycar,https://facebook.com/indycar,https://www.tiktok.com/@indycar
Will Power,https://www.indycar.com/Drivers/Will-Power,https://www.instagram.com/indycar,https://twitter.com/indycar,https://facebook.com/indycar,https://www.tiktok.com/@indycar
