First Name,Last Name,Championship,Notes
Augustus,Toniolo,UAE F4,PREMA RACING · Brazil
Roman,Sharapov,UAE F4,PREMA RACING
Arthur,Dorison,UAE F4,PREMA RACING · France
Gabriel,Stilp,UAE F4,HITECH · UK · Rookie
Nathan,Tye,UAE F4,PHM RACING · UK · Rookie
Christian,Costoya Sanabria,UAE F4,PREMA RACING · Spain · Rookie
Scott Kin,Lindblom,UAE F4,HITECH · Sweden
Alp,Aksoy,UAE F4,MUMBAI FALCONS · Turkey · Rookie
Iacopo,Martinese,UAE F4,PHM RACING · Italy · Rookie
Emily,Cotty,UAE F4,R-ace GP · France
Rashid,Al Dhaheri,UAE F4,YAS HEAT RACING · UAE
Harrison,Adrian,UAE F4,HITECH · Australia
Kirill,Kutskov,UAE F4,PINNACLE MOTORSPORT
Freddie,Slater,UAE F4,PREMA RACING · UK
Maxim,Rehm,UAE F4,R-ace GP · Germany
Sebastian,Murray,UAE F4,QMMF BY HITECH · UAE
Enea,Rossi,UAE F4,R-ace GP · Italy · Rookie
Wiktor,Dobranski,UAE F4,X-GP · Poland · Rookie
Shauary,Shakyam,UAE F4,PINNACLE MOTORSPORT · USA · Rookie
Kaishun,Liu,UAE F4,PINNACLE MOTORSPORT · China · Rookie
Isaac,Barashi,UAE F4,MUMBAI FALCONS · Israel · Rookie
Alba,Larsen,UAE F4,EVANS GP · Denmark
Giammarco,Pradel,UAE F4,YAS HEAT RACING · Australia
Zack,Scymans,UAE F4,EVANS GP · Australia · Rookie
Bart,Harrison,UAE F4,HITECH · UK · Rookie
Dante,Vinci,UAE F4,R-ace GP · Australia · Rookie
Luviwe,Sambhudla,UAE F4,YAS HEAT RACING · South Africa · Rookie
Gianmatteo,Roussel,UAE F4,QMMF BY HITECH · France · Rookie
Bruno,Santos,UAE F4,TRIDENT MOTORSPORT · Portugal · Rookie
James,Egozi,UAE F4,TRIDENT MOTORSPORT · USA
Daniel,Bono,UAE F4,TRIDENT MOTORSPORT · USA · Rookie
Simao,Ventura,UAE F4,PINNACLE MOTORSPORT · Portugal · Rookie
Roman,Kustin,UAE F4,QMMF BY HITECH · Rookie
Oscar,Wurz,UAE F4,PINNACLE MOTORSPORT · Austria · Rookie
Tiago,Rodrigues,UAE F4,X-GP · Portugal · Rookie
Petr,Ageev,UAE F4,X-GP · Rookie
Daniel,Macia,UAE F4,EVANS GP · Spain · Rookie
Griffin,Peebles,UAE F4,MUMBAI FALCONS · Australia · Rookie
Ariel,Elkin,UAE F4,MUMBAI FALCONS · Israel
Arvid,Lindblad,UAE F4,PREMA RACING · UK · Rookie
